,Normal,Pathological,Suspect,accuracy,macro avg,weighted avg
precision,0.9588235294117647,0.9285714285714286,0.8620689655172413,0.9436619718309859,0.916487974500145,0.9422282171732219
recall,0.978978978978979,0.896551724137931,0.78125,0.9436619718309859,0.8855935677056367,0.9436619718309859
f1-score,0.9687964338781575,0.912280701754386,0.8196721311475409,0.9436619718309859,0.9002497555933614,0.942545467666071
support,333.0,29.0,64.0,0.9436619718309859,426.0,426.0
